id,name
7798814,Keith
2149193,Denise
5062031,Edward
7361386,Jeffery
5484525,Spencer
5849744,Britney
1303047,Jack
1515716,Levi
3822320,Jon
9548347,Jennifer
5131111,Leah
2227757,Grace
1802931,Troy
9339781,Charles
1134931,Susan
7610387,Jacob
1017158,Ernest
5422382,Henry
7541941,Barbara
4008227,Ian
9614903,Lucas
7556881,Hannah
8719106,Mario
3461094,Edgar
7847834,Brittney
3829242,Derrick
8173445,Jorge
8418791,Bethany
4780951,Darren
8131408,Danny
3704367,Claudia
5851717,Joseph
5751616,Adrienne
5126650,Melissa
7486193,Sergio
4038541,Brandi
3965662,Albert
4695175,Max
2678484,Jason
7383506,Dennis
8621768,Christine
8463161,Andres
1739486,Jasmine
8452984,Trisha
7035752,Katherine
8179439,Tony
1190341,Sabrina
8416967,Justin
9835437,Melinda
3446132,Victoria
7811702,Felicia
6904743,Curtis
3600317,Kaitlin
4447032,Meghan
3555999,Brandon
9494873,Joel
8406576,Lindsey
6042176,Abby
8960454,Juan
8974402,Eric
3442538,Eduardo
1270178,Valerie
5126631,Kellie
3759364,Cara
2298001,Laura
1297598,Andrea
9939221,Kenneth
7670762,Kristi
8841131,Fernando
7838867,Cameron
2680945,Austin
1837150,Dane
3605830,Anna
8954058,Claire
2207639,Marie
6915519,Rebecca
7119330,Jenna
1329591,Andre
8854136,Monique
3292348,Mayra
4828934,Brad
8121331,Deborah
9282994,Dana
1731969,Martha
6705283,Angela
9432884,Leslie
8441203,Kristopher
8124289,Ann
6185763,Randy
9763243,Kelli
7393614,Cynthia
5732666,Virginia
6730376,Allison
4436208,Dawn
7078702,Julie
5354715,Latasha
5554120,Antonio
6940518,Cole
8492220,Tonya
6641751,Luke
7380830,Donald
8539894,Joe
4904852,Clayton
4814246,Sharon
4755324,Devon
3370477,Shana
3443499,Christa
3537067,Eddie
2668119,Candice
2106032,Zachary
5060866,Tracy
4129610,Rafael
7737799,Bryce
8052141,Roy
9178569,Micah
2386128,Rachel
7307331,Calvin
7647273,Peter
4529160,Kaitlyn
9272739,Toni
9400750,Miguel
1527536,Edwin
1505313,Jessica
3142459,Ana
6192030,Kyle
1234706,Tasha
9657004,Karl
7095861,Rodney
4955020,Jill
9139062,Linda
5883623,Jeremy
2469246,Ryan
8363589,Shaun
3273417,Dominic
3852517,Stacey
7871397,Brenda
8457984,Logan
6721357,Mallory
7668005,Larry
9062024,Jose
1602747,Preston
3755226,Ashley
7267496,Deanna
3926663,Bryan
7713024,Andrew
3544614,Kristine
4472718,Gina
1263404,Katelyn
8325551,Emmanuel
9354199,Nicolas
3680812,Jeremiah
3207529,Holly
6766018,David
9024300,Gerald
2891900,Cassie
1115483,Joy
7362238,Kristy
7678806,Lawrence
6482359,Terry
7761583,Brent
5876195,Brooke
8450447,Sheena
6936402,Shawna
9225250,Cassandra
3584668,Brittany
4356601,Meagan
8652895,Louis
6772215,Erik
1406859,Neil
6398913,Arthur
6276752,Katie
1922319,Jerome
7525243,Ruth
1371517,Alan
4381198,Theodore
2950347,Erica
5950985,Teresa
3260499,Frank
3252006,Jesus
2423417,Dylan
2182653,Ricardo
9817816,Morgan
4958469,Javier
8584823,Dustin
3438733,Kelsey
1287073,Willie
5184157,Tristan
7594841,Sasha
1015901,Scott
5703215,Wesley
5147541,Katrina
8788863,Jake
6990591,Kara
5380854,Kari
2068478,Adriana
4197529,Marissa
4777828,Mindy
6403945,Roberto
9812447,Gabriel
5320724,Billy
5363822,Maurice
2681971,Devin
6642376,Kasey
5422090,Ricky
6402404,Allen
2451072,Dale
2075291,Alexis
8780730,Janelle
2688149,Craig
4548028,Haley
2460633,Nathaniel
4557620,Jenny
5060283,Tommy
1850316,Carolyn
4379497,Diana
4312766,Amy
4838144,Bryant
3595083,Roger
5282920,Daniel
2472168,Natalie
8497850,Jaclyn
6623351,Robyn
1881759,Lacey
5842272,Justine
8364426,Darrell
6227818,Terrence
1644129,Clinton
1953047,Derek
1797815,Kurt
1437468,Kelly
2274224,Corey
9451462,Amber
6481989,Misty
7864651,Shawn
1544961,Priscilla
1863793,Luis
8479049,Janet
7539433,Seth
3830099,Jonathon
2451162,Whitney
4291483,Sade
3335236,Marc
6716042,Johnathan
5146920,Terrance
7688364,Grant
5233223,Cory
9994183,Aaron
7489206,Gary
5565579,Joshua
2130550,Stefanie
9593434,Jay
2573777,Colin
8782205,Alisha
9995632,Nancy
2361191,Lisa
5859118,Tara
9584447,Elise
2609478,Christian
9178444,Alexandra
7923247,Ross
3426508,Heidi
8278444,Joanna
4201392,Tina
2717886,Jeanette
9231816,Renee
2359572,Sara
7628141,Alyssa
9276176,Tabitha
5889075,Chelsea
3436599,Marco
3106402,Alexandria
5472697,Kevin
7374039,Jeffrey
1106704,Wendy
1106245,Chad
9356661,Patricia
6249079,Rebekah
4169951,Steve
4746616,Sierra
7156293,Amanda
5941074,Maria
7203812,Jermaine
6019501,Autumn
1218109,Catherine
7523555,Angelica
1952624,Crystal
9745276,Jillian
2414216,Adrian
4594227,Jessie
9561938,Evan
4785272,Oscar
5288443,Gregory
8636888,Meredith
8003219,Steven
2931679,Wayne
8554385,Pamela
8549496,Hector
5971491,Carmen
4312149,James
5627556,Omar
4753017,Krystle
9086041,Elizabeth
4246631,Megan
1615394,Taylor
7323377,Travis
3514530,Bonnie
1961648,Carlos
6056123,Anne
6267362,Briana
1347561,Vincent
4150943,Shannon
9267243,Theresa
9904330,Caleb
3212134,Frederick
9624309,Armando
8802041,Kimberly
4721982,Walter
8860240,Mathew
3331407,Rachael
3675187,Carrie
3804258,Kristen
5130033,Richard
7058365,Todd
3797340,Lindsay
9063423,Adam
8832146,Christopher
1984756,Drew
9510666,Leonard
8297271,Shane
8784285,Jamie
7267445,Martin
7198792,Nichole
3319831,Angel
7443278,Julian
5950252,Marvin
8295500,Molly
8211629,Melanie
7128923,Nikita
4152146,Julio
1822841,Abraham
7540671,Lori
1921982,Sophia
6825269,Latoya
8647153,Mary
4797184,Patrick
3816103,Jacqueline
6262917,Emma
6642433,Brandy
2066836,Margaret
5267988,Bobby
6030044,Natasha
9279140,Michele
8700230,April
8933718,Philip
6298975,Kathryn
5093777,Vanessa
9323389,Benjamin
4332478,Francis
2415477,Ronnie
2520704,Nina
3033551,Marisa
4745396,Kristina
7482092,Francisco
5166434,Blake
5959835,Garrett
6080795,Heather
4200042,Timothy
2559908,Jerry
5825833,Nicole
1344514,Ivan
9983275,Aimee
3461368,Lydia
2099494,Mark
6556870,Tamara
9766510,Alberto
8376440,Cindy
5648981,Samantha
4911245,John
8991343,Ashleigh
8422895,Alejandro
5867027,Sandra
3986383,Christina
4256879,Raul
7568753,Johnny
1129796,Stephanie
8578316,Christy
7749515,Matthew
5625499,Brianna
2093682,Krystal
9430085,Thomas
8294536,Caitlin
8889819,Stacy
8169026,Manuel
9210195,Kristin
5709972,Ebony
4430516,Miranda
3173903,Ashlee
3528815,Raymond
8402561,Brian
9611743,Evelyn
5954835,Samuel
8420374,Darryl
6594041,Summer
8864381,Bradley
9193269,Tyrone
1177208,Jared
5913695,Regina
2902638,Noah
5609982,Stephen
9473037,Brendan
2357864,Nicholas
3509792,Robert
4973087,Sarah
5204429,Monica
9529025,Eugene
4029221,Alicia
1538582,Chase
3541059,Erika
7990414,Jonathan
7355458,Erin
9224256,Ron
8455472,Dominique
7624676,Kate
7080762,Sean
3001761,Bridget
7808748,Trevor
2840545,Lauren
2404951,Ruben
5594273,Ramon
6055803,Anthony
1284951,Jaime
7352348,Mitchell
2736273,Kendra
7064041,Tyler
9727489,Krista
4730188,Michael
8485972,Jordan
1146311,Alison
8119403,Lee
2334159,Hillary
6260547,George
2075201,Caroline
3934148,Casey
4488220,Randall
3836296,Nathan
3865969,Micheal
5933572,Carly
4831484,Geoffrey
8813142,Paul
6752022,Cody
1937419,Beth
9374060,Veronica
4428595,Savannah
3558345,Isaac
8117204,Kayla
5735796,Abigail
3765188,Candace
3790077,Ronald
1824962,Brett
4930909,Audrey
4029719,Alex
5403202,Courtney
5261160,Douglas
4234075,Emily
4401260,Jacquelyn
9786090,William
7349359,Jimmy
1058891,Bruce
3304601,Lance
4903885,Michelle
7489652,Tiffany
3201900,Julia
9670997,Alexander
1334205,Olivia
1191185,Glenn
3005735,Carl
5977042,Jesse
1308743,Colleen
8776232,Mandy
7301471,Russell
7337741,Tyson
8591058,Victor
7394098,Carla
5162033,Tanya
1438008,Desiree
2155099,Karen
1932759,Kathleen
4912478,Cristina
5239597,Reginald
6799063,Marcus
6283185,Phillip
1017481,Danielle
6345509,Robin
6982180,Pedro
